{
    "Countries": [
        {
            "id": 1,
            "country_name": "Afghanistan",
            "country_code": "af",
            "country_capital": "Kabul",
            "country_population": 42647492,
            "country_land_area_km2": 652860,
            "country_continent": "Asia",
            "country_map": "",
            "country_currency": "Afghani"
        },
        {
            "id": 2,
            "country_name": "Albania",
            "country_code": "al",
            "country_capital": "Tirana",
            "country_population": 2877797,
            "country_land_area_km2": 28748,
            "country_continent": "Europe",
            "country_map": "",
            "country_currency": "Lek"
        },
        {
            "id": 3,
            "country_name": "Algeria",
            "country_code": "dz",
            "country_capital": "Algiers",
            "country_population": 44616624,
            "country_land_area_km2": 2381741,
            "country_continent": "Africa",
            "country_map": "",
            "country_currency": "Dinar"
        },
        {
            "id": 4,
            "country_name": "Andorra",
            "country_code": "ad",
            "country_capital": "Andorra la Vella",
            "country_population": 77355,
            "country_land_area_km2": 468,
            "country_continent": "Europe",
            "country_map": "",
            "country_currency": "Euro"
        },
        {
            "id": 5,
            "country_name": "Angola",
            "country_code": "ao",
            "country_capital": "Luanda",
            "country_population": 33933610,
            "country_land_area_km2": 1246700,
            "country_continent": "Africa",
            "country_map": "",
            "country_currency": "Kwanza"
        },
        {
            "id": 6,
            "country_name": "Antigua and Barbuda",
            "country_code": "ag",
            "country_capital": "Saint John's",
            "country_population": 103050,
            "country_land_area_km2": 442,
            "country_continent": "North America",
            "country_map": "",
            "country_currency": "East Caribbean Dollar"
        },
        {
            "id": 7,
            "country_name": "Argentina",
            "country_code": "ar",
            "country_capital": "Buenos Aires",
            "country_population": 45376763,
            "country_land_area_km2": 2780400,
            "country_continent": "South America",
            "country_map": "",
            "country_currency": "Peso"
        },
        {
            "id": 8,
            "country_name": "Armenia",
            "country_code": "am",
            "country_capital": "Yerevan",
            "country_population": 2963243,
            "country_land_area_km2": 29743,
            "country_continent": "Asia",
            "country_map": "",
            "country_currency": "Dram"
        },
        {
            "id": 9,
            "country_name": "Australia",
            "country_code": "au",
            "country_capital": "Canberra",
            "country_population": 25809973,
            "country_land_area_km2": 7692024,
            "country_continent": "Oceania",
            "country_map": "",
            "country_currency": "Australian Dollar"
        },
        {
            "id": 10,
            "country_name": "Austria",
            "country_code": "at",
            "country_capital": "Vienna",
            "country_population": 9006398,
            "country_land_area_km2": 83871,
            "country_continent": "Europe",
            "country_map": "",
            "country_currency": "Euro"
        },
        {
            "id": 11,
            "country_name": "Azerbaijan",
            "country_code": "az",
            "country_capital": "Baku",
            "country_population": 10139177,
            "country_land_area_km2": 86600,
            "country_continent": "Asia",
            "country_map": "",
            "country_currency": "Manat"
        },
        {
            "id": 12,
            "country_name": "Bahamas",
            "country_code": "bs",
            "country_capital": "Nassau",
            "country_population": 396913,
            "country_land_area_km2": 13878,
            "country_continent": "North America",
            "country_map": "",
            "country_currency": "Bahamian Dollar"
        },
        {
            "id": 13,
            "country_name": "Bahrain",
            "country_code": "bh",
            "country_capital": "Manama",
            "country_population": 1701583,
            "country_land_area_km2": 765,
            "country_continent": "Asia",
            "country_map": "",
            "country_currency": "Bahraini Dinar"
        },
        {
            "id": 14,
            "country_name": "Bangladesh",
            "country_code": "bd",
            "country_capital": "Dhaka",
            "country_population": 164689383,
            "country_land_area_km2": 147570,
            "country_continent": "Asia",
            "country_map": "",
            "country_currency": "Taka"
        },
        {
            "id": 15,
            "country_name": "Barbados",
            "country_code": "bb",
            "country_capital": "Bridgetown",
            "country_population": 287025,
            "country_land_area_km2": 430,
            "country_continent": "North America",
            "country_map": "",
            "country_currency": "Barbadian Dollar"
        },
        {
            "id": 16,
            "country_name": "Belarus",
            "country_code": "by",
            "country_capital": "Minsk",
            "country_population": 9449323,
            "country_land_area_km2": 207600,
            "country_continent": "Europe",
            "country_map": "",
            "country_currency": "Belarusian Ruble"
        },
        {
            "id": 17,
            "country_name": "Belgium",
            "country_code": "be",
            "country_capital": "Brussels",
            "country_population": 11589623,
            "country_land_area_km2": 30528,
            "country_continent": "Europe",
            "country_map": "",
            "country_currency": "Euro"
        },
        {
            "id": 18,
            "country_name": "Belize",
            "country_code": "bz",
            "country_capital": "Belmopan",
            "country_population": 405633,
            "country_land_area_km2": 22966,
            "country_continent": "North America",
            "country_map": "",
            "country_currency": "Belize Dollar"
        },
        {
            "id": 19,
            "country_name": "Benin",
            "country_code": "bj",
            "country_capital": "Porto-Novo",
            "country_population": 12415221,
            "country_land_area_km2": 112622,
            "country_continent": "Africa",
            "country_map": "",
            "country_currency": "West African CFA Franc"
        },
        {
            "id": 20,
            "country_name": "Bhutan",
            "country_code": "bt",
            "country_capital": "Thimphu",
            "country_population": 771608,
            "country_land_area_km2": 38394,
            "country_continent": "Asia",
            "country_map": "",
            "country_currency": "Ngultrum"
        },
        {
            "id": 21,
            "country_name": "Bolivia",
            "country_code": "bo",
            "country_capital": "Sucre",
            "country_population": 11673029,
            "country_land_area_km2": 1098581,
            "country_continent": "South America",
            "country_map": "",
            "country_currency": "Boliviano"
        },
        {
            "id": 22,
            "country_name": "Bosnia and Herzegovina",
            "country_code": "ba",
            "country_capital": "Sarajevo",
            "country_population": 3280819,
            "country_land_area_km2": 51209,
            "country_map": "",
            "country_currency": "Convertible Mark"
        },
        {
            "id": 23,
            "country_name": "Botswana",
            "country_code": "bw",
            "country_capital": "Gaborone",
            "country_population": 2351627,
            "country_land_area_km2": 581730,
            "country_flag": "",
            "country_map": "",
            "country_currency": "Pula"
        },
        {
            "id": 24,
            "country_name": "Brazil",
            "country_code": "br",
            "country_capital": "Brasília",
            "country_population": 212559417,
            "country_land_area_km2": 8515767,
            "country_map": "",
            "country_currency": "Real"
        },
        {
            "id": 25,
            "country_name": "Brunei",
            "country_code": "bn",
            "country_capital": "Bandar Seri Begawan",
            "country_population": 437479,
            "country_land_area_km2": 5765,
            "country_map": "",
            "country_currency": "Brunei Dollar"
        },
        {
            "id": 26,
            "country_name": "Bulgaria",
            "country_code": "bg",
            "country_capital": "Sofia",
            "country_population": 6948445,
            "country_land_area_km2": 110879,
            "country_map": "",
            "country_currency": "Lev"
        },
        {
            "id": 27,
            "country_name": "Burkina Faso",
            "country_code": "bf",
            "country_capital": "Ouagadougou",
            "country_population": 20903278,
            "country_land_area_km2": 274200,
            "country_map": "",
            "country_currency": "West African CFA Franc"
        },
        {
            "id": 28,
            "country_name": "Burundi",
            "country_code": "bi",
            "country_capital": "Gitega",
            "country_population": 11890784,
            "country_land_area_km2": 27834,
            "country_map": "",
            "country_currency": "Burundi Franc"
        },
        {
            "id": 29,
            "country_name": "Cote d'Ivoire",
            "country_code": "ci",
            "country_capital": "Yamoussoukro",
            "country_population": 26378274,
            "country_land_area_km2": 322463,
            "country_map": "",
            "country_currency": "West African CFA Franc"
        },
        {
            "id": 30,
            "country_name": "Cape Verde",
            "country_code": "cv",
            "country_capital": "Praia",
            "country_population": 555987,
            "country_land_area_km2": 4033,
            "country_map": "",
            "country_currency": "Cape Verdean Escudo"
        },
        {
            "id": 31,
            "country_name": "Cambodia",
            "country_code": "kh",
            "country_capital": "Phnom Penh",
            "country_population": 16718965,
            "country_land_area_km2": 181035,
            "country_map": "",
            "country_currency": "Riel"
        },
        {
            "id": 32,
            "country_name": "Cameroon",
            "country_code": "cm",
            "country_capital": "Yaoundé",
            "country_population": 26545863,
            "country_land_area_km2": 475442,
            "country_map": "",
            "country_currency": "Central African CFA Franc"
        },
        {
            "id": 33,
            "country_name": "Canada",
            "country_code": "ca",
            "country_capital": "Ottawa",
            "country_population": 37742154,
            "country_land_area_km2": 9984670,
            "country_map": "",
            "country_currency": "Canadian Dollar"
        },
        {
            "id": 34,
            "country_name": "Central African Republic",
            "country_code": "cf",
            "country_capital": "Bangui",
            "country_population": 4829767,
            "country_land_area_km2": 622984,
            "country_map": "",
            "country_currency": "Central African CFA Franc"
        },
        {
            "id": 35,
            "country_name": "Chad",
            "country_code": "td",
            "country_capital": "N'Djamena",
            "country_population": 16425859,
            "country_land_area_km2": 1284000,
            "country_map": "",
            "country_currency": "Central African CFA Franc"
        },
        {
            "id": 36,
            "country_name": "Chile",
            "country_code": "cl",
            "country_capital": "Santiago",
            "country_population": 19116201,
            "country_land_area_km2": 756102,
            "country_map": "",
            "country_currency": "Peso"
        },
        {
            "id": 37,
            "country_name": "China",
            "country_code": "cn",
            "country_capital": "Beijing",
            "country_population": 1439323776,
            "country_land_area_km2": 9596960,
            "country_map": "",
            "country_currency": "Yuan"
        },
        {
            "id": 38,
            "country_name": "Colombia",
            "country_code": "co",
            "country_capital": "Bogotá",
            "country_population": 50882891,
            "country_land_area_km2": 1141748,
            "country_map": "",
            "country_currency": "Peso"
        },
        {
            "id": 39,
            "country_name": "Comoros",
            "country_code": "km",
            "country_capital": "Moroni",
            "country_population": 869595,
            "country_land_area_km2": 1862,
            "country_map": "",
            "country_currency": "Comorian Franc"
        },
        {
            "id": 40,
            "country_name": "Congo (Congo-Brazzaville)",
            "country_code": "cg",
            "country_capital": "Brazzaville",
            "country_population": 5518092,
            "country_land_area_km2": 342000,
            "country_map": "",
            "country_currency": "Central African CFA Franc"
        },
        {
            "id": 41,
            "country_name": "Costa Rica",
            "country_code": "cr",
            "country_capital": "San José",
            "country_population": 5094118,
            "country_land_area_km2": 51100,
            "country_map": "",
            "country_currency": "Colon"
        },
        {
            "id": 42,
            "country_name": "Croatia",
            "country_code": "hr",
            "country_capital": "Zagreb",
            "country_population": 4105267,
            "country_land_area_km2": 56594,
            "country_map": "",
            "country_currency": "Kuna"
        },
        {
            "id": 43,
            "country_name": "Cuba",
            "country_code": "cu",
            "country_capital": "Havana",
            "country_population": 11326616,
            "country_land_area_km2": 110860,
            "country_map": "",
            "country_currency": "Peso"
        },
        {
            "id": 44,
            "country_name": "Cyprus",
            "country_code": "cy",
            "country_capital": "Nicosia",
            "country_population": 1207359,
            "country_land_area_km2": 9251,
            "country_map": "",
            "country_currency": "Euro"
        },
        {
            "id": 45,
            "country_name": "Czechia (Czech Republic)",
            "country_code": "cz",
            "country_capital": "Prague",
            "country_population": 10708981,
            "country_land_area_km2": 78865,
            "country_map": "",
            "country_currency": "Czech Koruna"
        },
        {
            "id": 46,
            "country_name": "Democratic Republic of the Congo",
            "country_code": "cd",
            "country_capital": "Kinshasa",
            "country_population": 101780263,
            "country_land_area_km2": 2344858,
            "country_map": "",
            "country_currency": "Congolese Franc"
        },
        {
            "id": 47,
            "country_name": "Denmark",
            "country_code": "dk",
            "country_capital": "Copenhagen",
            "country_population": 5792202,
            "country_land_area_km2": 43094,
            "country_map": "",
            "country_currency": "Danish Krone"
        },
        {
            "id": 48,
            "country_name": "Djibouti",
            "country_code": "dj",
            "country_capital": "Djibouti",
            "country_population": 988000,
            "country_land_area_km2": 23200,
            "country_map": "",
            "country_currency": "Djiboutian Franc"
        },
        {
            "id": 49,
            "country_name": "Dominica",
            "country_code": "dm",
            "country_capital": "Roseau",
            "country_population": 71986,
            "country_land_area_km2": 751,
            "country_map": "",
            "country_currency": "East Caribbean Dollar"
        },
        {
            "id": 50,
            "country_name": "Dominican Republic",
            "country_code": "do",
            "country_capital": "Santo Domingo",
            "country_population": 10847904,
            "country_land_area_km2": 48671,
            "country_map": "",
            "country_currency": "Peso"
        },
        {
            "id": 51,
            "country_name": "Ecuador",
            "country_code": "ec",
            "country_capital": "Quito",
            "country_population": 17643054,
            "country_land_area_km2": 276841,
            "country_map": "",
            "country_currency": "US Dollar"
        },
        {
            "id": 52,
            "country_name": "Egypt",
            "country_code": "eg",
            "country_capital": "Cairo",
            "country_population": 102334404,
            "country_land_area_km2": 1002450,
            "country_map": "",
            "country_currency": "Egyptian Pound"
        },
        {
            "id": 53,
            "country_name": "El Salvador",
            "country_code": "sv",
            "country_capital": "San Salvador",
            "country_population": 6486205,
            "country_land_area_km2": 21041,
            "country_map": "",
            "country_currency": "US Dollar"
        },
        {
            "id": 54,
            "country_name": "Equatorial Guinea",
            "country_code": "gq",
            "country_capital": "Malabo",
            "country_population": 1402985,
            "country_land_area_km2": 28051,
            "country_map": "",
            "country_currency": "Central African CFA Franc"
        },
        {
            "id": 55,
            "country_name": "Eritrea",
            "country_code": "er",
            "country_capital": "Asmara",
            "country_population": 3546421,
            "country_land_area_km2": 117600,
            "country_map": "",
            "country_currency": "Nakfa"
        },
        {
            "id": 56,
            "country_name": "Estonia",
            "country_code": "ee",
            "country_capital": "Tallinn",
            "country_population": 1326535,
            "country_land_area_km2": 45227,
            "country_map": "",
            "country_currency": "Euro"
        },
        {
            "id": 57,
            "country_name": "Eswatini (fmr. 'Swaziland')",
            "country_code": "sz",
            "country_capital": "Mbabane",
            "country_population": 1160164,
            "country_land_area_km2": 17364,
            "country_map": "",
            "country_currency": "Lilangeni"
        },
        {
            "id": 58,
            "country_name": "Ethiopia",
            "country_code": "et",
            "country_capital": "Addis Ababa",
            "country_population": 114963588,
            "country_land_area_km2": 1104300,
            "country_map": "",
            "country_currency": "Birr"
        },
        {
            "id": 59,
            "country_name": "Fiji",
            "country_code": "fj",
            "country_capital": "Suva",
            "country_population": 896445,
            "country_land_area_km2": 18274,
            "country_map": "",
            "country_currency": "Fijian Dollar"
        },
        {
            "id": 60,
            "country_name": "Finland",
            "country_code": "fi",
            "country_capital": "Helsinki",
            "country_population": 5540720,
            "country_land_area_km2": 338424,
            "country_map": "",
            "country_currency": "Euro"
        },
        {
            "id": 61,
            "country_name": "France",
            "country_code": "fr",
            "country_capital": "Paris",
            "country_population": 65273511,
            "country_land_area_km2": 551695,
            "country_map": "",
            "country_currency": "Euro"
        },
        {
            "id": 62,
            "country_name": "Gabon",
            "country_code": "ga",
            "country_capital": "Libreville",
            "country_population": 2225734,
            "country_land_area_km2": 267668,
            "country_map": "",
            "country_currency": "Central African CFA Franc"
        },
        {
            "id": 63,
            "country_name": "Gambia",
            "country_code": "gm",
            "country_capital": "Banjul",
            "country_population": 2416668,
            "country_land_area_km2": 10689,
            "country_map": "",
            "country_currency": "Dalasi"
        },
        {
            "id": 64,
            "country_name": "Georgia",
            "country_code": "ge",
            "country_capital": "Tbilisi",
            "country_population": 3989167,
            "country_land_area_km2": 69700,
            "country_map": "",
            "country_currency": "Lari"
        },
        {
            "id": 65,
            "country_name": "Germany",
            "country_code": "de",
            "country_capital": "Berlin",
            "country_population": 83783942,
            "country_land_area_km2": 357022,
            "country_map": "",
            "country_currency": "Euro"
        },
        {
            "id": 66,
            "country_name": "Ghana",
            "country_code": "gh",
            "country_capital": "Accra",
            "country_population": 31072940,
            "country_land_area_km2": 238533,
            "country_map": "",
            "country_currency": "Ghana Cedi"
        },
        {
            "id": 67,
            "country_name": "Greece",
            "country_code": "gr",
            "country_capital": "Athens",
            "country_population": 10423054,
            "country_land_area_km2": 131957,
            "country_map": "",
            "country_currency": "Euro"
        },
        {
            "id": 68,
            "country_name": "Grenada",
            "country_code": "gd",
            "country_capital": "St. George's",
            "country_population": 112523,
            "country_land_area_km2": 344,
            "country_map": "",
            "country_currency": "East Caribbean Dollar"
        },
        {
            "id": 69,
            "country_name": "Guatemala",
            "country_code": "gt",
            "country_capital": "Guatemala City",
            "country_population": 17915568,
            "country_land_area_km2": 108889,
            "country_map": "",
            "country_currency": "Quetzal"
        },
        {
            "id": 70,
            "country_name": "Guinea",
            "country_code": "gn",
            "country_capital": "Conakry",
            "country_population": 13132792,
            "country_land_area_km2": 245857,
            "country_map": "",
            "country_currency": "Guinean Franc"
        },
        {
            "id": 71,
            "country_name": "Guinea-Bissau",
            "country_code": "gw",
            "country_capital": "Bissau",
            "country_population": 1968001,
            "country_land_area_km2": 36125,
            "country_map": "",
            "country_currency": "West African CFA Franc"
        },
        {
            "id": 72,
            "country_name": "Guyana",
            "country_code": "gy",
            "country_capital": "Georgetown",
            "country_population": 786552,
            "country_land_area_km2": 214969,
            "country_map": "",
            "country_currency": "Guyanese Dollar"
        },
        {
            "id": 73,
            "country_name": "Haiti",
            "country_code": "ht",
            "country_capital": "Port-au-Prince",
            "country_population": 11402528,
            "country_land_area_km2": 27750,
            "country_map": "",
            "country_currency": "Gourde"
        },
        {
            "id": 74,
            "country_name": "Holy See (Vatican City)",
            "country_code": "va",
            "country_capital": "Vatican City",
            "country_population": 801,
            "country_land_area_km2": 0.44,
            "country_map": "",
            "country_currency": "Euro"
        },
        {
            "id": 75,
            "country_name": "Honduras",
            "country_code": "hn",
            "country_capital": "Tegucigalpa",
            "country_population": 9904607,
            "country_land_area_km2": 112492,
            "country_map": "",
            "country_currency": "Lempira"
        },
        {
            "id": 76,
            "country_name": "Hungary",
            "country_code": "hu",
            "country_capital": "Budapest",
            "country_population": 9660351,
            "country_land_area_km2": 93028,
            "country_map": "",
            "country_currency": "Forint"
        },
        {
            "id": 77,
            "country_name": "Iceland",
            "country_code": "is",
            "country_capital": "Reykjavik",
            "country_population": 341243,
            "country_land_area_km2": 103000,
            "country_map": "",
            "country_currency": "Icelandic Krona"
        },
        {
            "id": 78,
            "country_name": "India",
            "country_code": "in",
            "country_capital": "New Delhi",
            "country_population": 1380004385,
            "country_land_area_km2": 3287263,
            "country_map": "",
            "country_currency": "Indian Rupee"
        },
        {
            "id": 79,
            "country_name": "Indonesia",
            "country_code": "id",
            "country_capital": "Jakarta",
            "country_population": 273523615,
            "country_land_area_km2": 1904569,
            "country_map": "",
            "country_currency": "Rupiah"
        },
        {
            "id": 80,
            "country_name": "Iran",
            "country_code": "ir",
            "country_capital": "Tehran",
            "country_population": 83992949,
            "country_land_area_km2": 1648195,
            "country_map": "",
            "country_currency": "Rial"
        },
        {
            "id": 81,
            "country_name": "Iraq",
            "country_code": "iq",
            "country_capital": "Baghdad",
            "country_population": 40222493,
            "country_land_area_km2": 437072,
            "country_map": "",
            "country_currency": "Iraqi Dinar"
        },
        {
            "id": 82,
            "country_name": "Ireland",
            "country_code": "ie",
            "country_capital": "Dublin",
            "country_population": 4937786,
            "country_land_area_km2": 70273,
            "country_map": "",
            "country_currency": "Euro"
        },
        {
            "id": 83,
            "country_name": "Israel",
            "country_code": "il",
            "country_capital": "Jerusalem",
            "country_population": 8655535,
            "country_land_area_km2": 20770,
            "country_map": "",
            "country_currency": "New Israeli Shekel"
        },
        {
            "id": 84,
            "country_name": "Italy",
            "country_code": "it",
            "country_capital": "Rome",
            "country_population": 60461826,
            "country_land_area_km2": 301340,
            "country_map": "",
            "country_currency": "Euro"
        },
        {
            "id": 85,
            "country_name": "Jamaica",
            "country_code": "jm",
            "country_capital": "Kingston",
            "country_population": 2961161,
            "country_land_area_km2": 10991,
            "country_map": "",
            "country_currency": "Jamaican Dollar"
        },
        {
            "id": 86,
            "country_name": "Japan",
            "country_code": "jp",
            "country_capital": "Tokyo",
            "country_population": 126476461,
            "country_land_area_km2": 377975,
            "country_map": "",
            "country_currency": "Yen"
        },
        {
            "id": 87,
            "country_name": "Jordan",
            "country_code": "jo",
            "country_capital": "Amman",
            "country_population": 10203134,
            "country_land_area_km2": 89342,
            "country_map": "",
            "country_currency": "Jordanian Dinar"
        },
        {
            "id": 88,
            "country_name": "Kazakhstan",
            "country_code": "kz",
            "country_capital": "Nur-Sultan",
            "country_population": 18776707,
            "country_land_area_km2": 2724900,
            "country_map": "",
            "country_currency": "Tenge"
        },
        {
            "id": 89,
            "country_name": "Kenya",
            "country_code": "ke",
            "country_capital": "Nairobi",
            "country_population": 53771296,
            "country_land_area_km2": 580367,
            "country_map": "",
            "country_currency": "Kenyan Shilling"
        },
        {
            "id": 90,
            "country_name": "Kiribati",
            "country_code": "ki",
            "country_capital": "Tarawa",
            "country_population": 119449,
            "country_land_area_km2": 811,
            "country_map": "",
            "country_currency": "Australian Dollar"
        },
        {
            "id": 91,
            "country_name": "Kuwait",
            "country_code": "kw",
            "country_capital": "Kuwait City",
            "country_population": 4270571,
            "country_land_area_km2": 17818,
            "country_map": "",
            "country_currency": "Kuwaiti Dinar"
        },
        {
            "id": 92,
            "country_name": "Kyrgyzstan",
            "country_code": "kg",
            "country_capital": "Bishkek",
            "country_population": 6524195,
            "country_land_area_km2": 199951,
            "country_map": "",
            "country_currency": "Som"
        },
        {
            "id": 93,
            "country_name": "Laos",
            "country_code": "la",
            "country_capital": "Vientiane",
            "country_population": 7275560,
            "country_land_area_km2": 236800,
            "country_map": "",
            "country_currency": "Kip"
        },
        {
            "id": 94,
            "country_name": "Latvia",
            "country_code": "lv",
            "country_capital": "Riga",
            "country_population": 1886198,
            "country_land_area_km2": 64562,
            "country_map": "",
            "country_currency": "Euro"
        },
        {
            "id": 95,
            "country_name": "Lebanon",
            "country_code": "lb",
            "country_capital": "Beirut",
            "country_population": 6825442,
            "country_land_area_km2": 10452,
            "country_map": "",
            "country_currency": "Lebanese Pound"
        },
        {
            "id": 96,
            "country_name": "Lesotho",
            "country_code": "ls",
            "country_capital": "Maseru",
            "country_population": 2142249,
            "country_land_area_km2": 30355,
            "country_map": "",
            "country_currency": "Loti"
        },
        {
            "id": 97,
            "country_name": "Liberia",
            "country_code": "lr",
            "country_capital": "Monrovia",
            "country_population": 5057681,
            "country_land_area_km2": 111369,
            "country_map": "",
            "country_currency": "Liberian Dollar"
        },
        {
            "id": 98,
            "country_name": "Libya",
            "country_code": "ly",
            "country_capital": "Tripoli",
            "country_population": 6871292,
            "country_land_area_km2": 1759540,
            "country_map": "",
            "country_currency": "Libyan Dinar"
        },
        {
            "id": 99,
            "country_name": "Liechtenstein",
            "country_code": "li",
            "country_capital": "Vaduz",
            "country_population": 38128,
            "country_land_area_km2": 160,
            "country_map": "",
            "country_currency": "Swiss Franc"
        },
        {
            "id": 100,
            "country_name": "Lithuania",
            "country_code": "lt",
            "country_capital": "Vilnius",
            "country_population": 2722289,
            "country_land_area_km2": 65300,
            "country_map": "",
            "country_currency": "Euro"
        },
        {
            "id": 101,
            "country_name": "Luxembourg",
            "country_code": "lu",
            "country_capital": "Luxembourg",
            "country_population": 625978,
            "country_land_area_km2": 2586,
            "country_map": "",
            "country_currency": "Euro"
        },
        {
            "id": 102,
            "country_name": "Madagascar",
            "country_code": "mg",
            "country_capital": "Antananarivo",
            "country_population": 27691018,
            "country_land_area_km2": 587041,
            "country_map": "",
            "country_currency": "Malagasy Ariary"
        },
        {
            "id": 103,
            "country_name": "Malawi",
            "country_code": "mw",
            "country_capital": "Lilongwe",
            "country_population": 19129952,
            "country_land_area_km2": 118484,
            "country_map": "",
            "country_currency": "Kwacha"
        },
        {
            "id": 104,
            "country_name": "Malaysia",
            "country_code": "my",
            "country_capital": "Kuala Lumpur",
            "country_population": 32365999,
            "country_land_area_km2": 329847,
            "country_map": "",
            "country_currency": "Ringgit"
        },
        {
            "id": 105,
            "country_name": "Maldives",
            "country_code": "mv",
            "country_capital": "",
            "country_population": 540542,
            "country_land_area_km2": 300,
            "country_map": "",
            "country_currency": "Rufiyaa"
        },
        {
            "id": 106,
            "country_name": "Mali",
            "country_code": "ml",
            "country_capital": "Bamako",
            "country_population": 20250833,
            "country_land_area_km2": 1240192,
            "country_map": "",
            "country_currency": "West African CFA Franc"
        },
        {
            "id": 107,
            "country_name": "Malta",
            "country_code": "mt",
            "country_capital": "Valletta",
            "country_population": 441543,
            "country_land_area_km2": 316,
            "country_map": "",
            "country_currency": "Euro"
        },
        {
            "id": 108,
            "country_name": "Marshall Islands",
            "country_code": "mh",
            "country_capital": "Majuro",
            "country_population": 59190,
            "country_land_area_km2": 181,
            "country_map": "",
            "country_currency": "US Dollar"
        },
        {
            "id": 109,
            "country_name": "Mauritania",
            "country_code": "mr",
            "country_capital": "Nouakchott",
            "country_population": 4649658,
            "country_land_area_km2": 1030700,
            "country_map": "",
            "country_currency": "Ouguiya"
        },
        {
            "id": 110,
            "country_name": "Mauritius",
            "country_code": "mu",
            "country_capital": "Port Louis",
            "country_population": 1271768,
            "country_land_area_km2": 2040,
            "country_map": "",
            "country_currency": "Mauritian Rupee"
        },
        {
            "id": 111,
            "country_name": "Mexico",
            "country_code": "mx",
            "country_capital": "Mexico City",
            "country_population": 128932753,
            "country_land_area_km2": 1964375,
            "country_map": "",
            "country_currency": "Mexican Peso"
        },
        {
            "id": 112,
            "country_name": "Micronesia",
            "country_code": "fm",
            "country_capital": "Palikir",
            "country_population": 115023,
            "country_land_area_km2": 702,
            "country_map": "",
            "country_currency": "US Dollar"
        },
        {
            "id": 113,
            "country_name": "Moldova",
            "country_code": "md",
            "country_capital": "Chisinau",
            "country_population": 4033963,
            "country_land_area_km2": 33846,
            "country_map": "",
            "country_currency": "Moldovan Leu"
        },
        {
            "id": 114,
            "country_name": "Monaco",
            "country_code": "mc",
            "country_capital": "Monaco",
            "country_population": 39242,
            "country_land_area_km2": 2,
            "country_map": "",
            "country_currency": "Euro"
        },
        {
            "id": 115,
            "country_name": "Mongolia",
            "country_code": "mn",
            "country_capital": "Ulaanbaatar",
            "country_population": 3278290,
            "country_land_area_km2": 1564116,
            "country_continent": "Asia",
            "country_map": "",
            "country_currency": "Tugrik"
        },
        {
            "id": 116,
            "country_name": "Montenegro",
            "country_code": "me",
            "country_capital": "Podgorica",
            "country_population": 628066,
            "country_land_area_km2": 13812,
            "country_continent": "Europe",
            "country_map": "",
            "country_currency": "Euro"
        },
        {
            "id": 117,
            "country_name": "Morocco",
            "country_code": "ma",
            "country_capital": "Rabat",
            "country_population": 36910560,
            "country_land_area_km2": 446550,
            "country_continent": "Africa",
            "country_map": "",
            "country_currency": "Moroccan Dirham"
        },
        {
            "id": 118,
            "country_name": "Mozambique",
            "country_code": "mz",
            "country_capital": "Maputo",
            "country_population": 31255435,
            "country_land_area_km2": 799380,
            "country_continent": "Africa",
            "country_map": "",
            "country_currency": "Mozambican Metical"
        },
        {
            "id": 119,
            "country_name": "Myanmar (formerly Burma)",
            "country_code": "mm",
            "country_capital": "Naypyidaw",
            "country_population": 54409800,
            "country_land_area_km2": 676578,
            "country_continent": "Asia",
            "country_map": "",
            "country_currency": "Kyat"
        },
        {
            "id": 120,
            "country_name": "Namibia",
            "country_code": "na",
            "country_capital": "Windhoek",
            "country_population": 2540905,
            "country_land_area_km2": 824292,
            "country_continent": "Africa",
            "country_map": "",
            "country_currency": "Namibian Dollar"
        },
        {
            "id": 121,
            "country_name": "Nauru",
            "country_code": "nr",
            "country_capital": "Yaren",
            "country_population": 10824,
            "country_land_area_km2": 21,
            "country_continent": "Oceania",
            "country_map": "",
            "country_currency": "Australian Dollar"
        },
        {
            "id": 122,
            "country_name": "Nepal",
            "country_code": "np",
            "country_capital": "Kathmandu",
            "country_population": 29136808,
            "country_land_area_km2": 147516,
            "country_continent": "Asia",
            "country_map": "",
            "country_currency": "Nepalese Rupee"
        },
        {
            "id": 123,
            "country_name": "Netherlands",
            "country_code": "nl",
            "country_capital": "Amsterdam",
            "country_population": 17134872,
            "country_land_area_km2": 41543,
            "country_continent": "Europe",
            "country_map": "",
            "country_currency": "Euro"
        },
        {
            "id": 124,
            "country_name": "New Zealand",
            "country_code": "nz",
            "country_capital": "Wellington",
            "country_population": 4822233,
            "country_land_area_km2": 270467,
            "country_continent": "Oceania",
            "country_map": "",
            "country_currency": "New Zealand Dollar"
        },
        {
            "id": 125,
            "country_name": "Nicaragua",
            "country_code": "ni",
            "country_capital": "Managua",
            "country_population": 6624554,
            "country_land_area_km2": 130373,
            "country_continent": "North America",
            "country_map": "",
            "country_currency": "Cordoba"
        },
        {
            "id": 126,
            "country_name": "Niger",
            "country_code": "ne",
            "country_capital": "Niamey",
            "country_population": 24206644,
            "country_land_area_km2": 1267000,
            "country_continent": "Africa",
            "country_map": "",
            "country_currency": "West African CFA Franc"
        },
        {
            "id": 127,
            "country_name": "Nigeria",
            "country_code": "ng",
            "country_capital": "Abuja",
            "country_population": 206139587,
            "country_land_area_km2": 923768,
            "country_continent": "Africa",
            "country_map": "",
            "country_currency": "Naira"
        },
        {
            "id": 128,
            "country_name": "North Korea",
            "country_code": "kp",
            "country_capital": "Pyongyang",
            "country_population": 25778816,
            "country_land_area_km2": 120538,
            "country_continent": "Asia",
            "country_map": "",
            "country_currency": "North Korean Won"
        },
        {
            "id": 129,
            "country_name": "North Macedonia",
            "country_code": "mk",
            "country_capital": "Skopje",
            "country_population": 2083374,
            "country_land_area_km2": 25713,
            "country_continent": "Europe",
            "country_map": "",
            "country_currency": "Denar"
        },
        {
            "id": 130,
            "country_name": "Norway",
            "country_code": "no",
            "country_capital": "Oslo",
            "country_population": 5421241,
            "country_land_area_km2": 365268,
            "country_continent": "Europe",
            "country_map": "",
            "country_currency": "Norwegian Krone"
        },
        {
            "id": 131,
            "country_name": "Oman",
            "country_code": "om",
            "country_capital": "Muscat",
            "country_population": 5106622,
            "country_land_area_km2": 309500,
            "country_continent": "Asia",
            "country_map": "",
            "country_currency": "Rial"
        },
        {
            "id": 132,
            "country_name": "Pakistan",
            "country_code": "pk",
            "country_capital": "Islamabad",
            "country_population": 220892331,
            "country_land_area_km2": 881913,
            "country_continent": "Asia",
            "country_map": "",
            "country_currency": "Pakistani Rupee"
        },
        {
            "id": 133,
            "country_name": "Palau",
            "country_code": "pw",
            "country_capital": "Ngerulmud",
            "country_population": 18094,
            "country_land_area_km2": 459,
            "country_continent": "Oceania",
            "country_map": "",
            "country_currency": "US Dollar"
        },
        {
            "id": 134,
            "country_name": "Palestine State",
            "country_code": "ps",
            "country_capital": "East Jerusalem",
            "country_population": 5101414,
            "country_land_area_km2": 6020,
            "country_continent": "Asia",
            "country_map": "",
            "country_currency": "Israeli New Shekel"
        },
        {
            "id": 135,
            "country_name": "Panama",
            "country_code": "pa",
            "country_capital": "Panama City",
            "country_population": 4314767,
            "country_land_area_km2": 75417,
            "country_continent": "North America",
            "country_map": "",
            "country_currency": "Balboa"
        },
        {
            "id": 136,
            "country_name": "Papua New Guinea",
            "country_code": "pg",
            "country_capital": "Port Moresby",
            "country_population": 8947027,
            "country_land_area_km2": 462840,
            "country_continent": "Oceania",
            "country_map": "",
            "country_currency": "Kina"
        },
        {
            "id": 137,
            "country_name": "Paraguay",
            "country_code": "py",
            "country_capital": "Asuncion",
            "country_population": 7132538,
            "country_land_area_km2": 406752,
            "country_continent": "South America",
            "country_map": "",
            "country_currency": "Guarani"
        },
        {
            "id": 138,
            "country_name": "Peru",
            "country_code": "pe",
            "country_capital": "Lima",
            "country_population": 32971854,
            "country_land_area_km2": 1285216,
            "country_continent": "South America",
            "country_map": "",
            "country_currency": "Sol"
        },
        {
            "id": 139,
            "country_name": "Philippines",
            "country_code": "ph",
            "country_capital": "Manila",
            "country_population": 109581078,
            "country_land_area_km2": 300000,
            "country_continent": "Asia",
            "country_map": "",
            "country_currency": "Peso"
        },
        {
            "id": 140,
            "country_name": "Poland",
            "country_code": "pl",
            "country_capital": "Warsaw",
            "country_population": 37846611,
            "country_land_area_km2": 312696,
            "country_continent": "Europe",
            "country_map": "",
            "country_currency": "Zloty"
        },
        {
            "id": 141,
            "country_name": "Portugal",
            "country_code": "pt",
            "country_capital": "Lisbon",
            "country_population": 10196709,
            "country_land_area_km2": 92090,
            "country_continent": "Europe",
            "country_map": "",
            "country_currency": "Euro"
        },
        {
            "id": 142,
            "country_name": "Qatar",
            "country_code": "qa",
            "country_capital": "Doha",
            "country_population": 2881053,
            "country_land_area_km2": 11586,
            "country_continent": "Asia",
            "country_map": "",
            "country_currency": "Qatari Rial"
        },
        {
            "id": 143,
            "country_name": "Romania",
            "country_code": "ro",
            "country_capital": "Bucharest",
            "country_population": 19237691,
            "country_land_area_km2": 238397,
            "country_continent": "Europe",
            "country_map": "",
            "country_currency": "Romanian Leu"
        },
        {
            "id": 144,
            "country_name": "Russia",
            "country_code": "ru",
            "country_capital": "Moscow",
            "country_population": 145934462,
            "country_land_area_km2": 17098242,
            "country_continent": "Europe",
            "country_map": "",
            "country_currency": "Russian Ruble"
        },
        {
            "id": 145,
            "country_name": "Rwanda",
            "country_code": "rw",
            "country_capital": "Kigali",
            "country_population": 12952218,
            "country_land_area_km2": 26338,
            "country_continent": "Africa",
            "country_map": "",
            "country_currency": "Rwandan Franc"
        },
        {
            "id": 146,
            "country_name": "Saint Kitts and Nevis",
            "country_code": "kn",
            "country_capital": "Basseterre",
            "country_population": 53199,
            "country_land_area_km2": 261,
            "country_continent": "North America",
            "country_map": "",
            "country_currency": "East Caribbean Dollar"
        },
        {
            "id": 147,
            "country_name": "Saint Lucia",
            "country_code": "lc",
            "country_capital": "Castries",
            "country_population": 183627,
            "country_land_area_km2": 616,
            "country_continent": "North America",
            "country_map": "",
            "country_currency": "East Caribbean Dollar"
        },
        {
            "id": 148,
            "country_name": "Saint Vincent and the Grenadines",
            "country_code": "vc",
            "country_capital": "Kingstown",
            "country_population": 110940,
            "country_land_area_km2": 389,
            "country_continent": "North America",
            "country_map": "",
            "country_currency": "East Caribbean Dollar"
        },
        {
            "id": 149,
            "country_name": "Samoa",
            "country_code": "ws",
            "country_capital": "Apia",
            "country_population": 198414,
            "country_land_area_km2": 2831,
            "country_continent": "Oceania",
            "country_map": "",
            "country_currency": "Tala"
        },
        {
            "id": 150,
            "country_name": "San Marino",
            "country_code": "sm",
            "country_capital": "San Marino",
            "country_population": 33931,
            "country_land_area_km2": 61,
            "country_continent": "Europe",
            "country_map": "",
            "country_currency": "Euro"
        },
        {
            "id": 151,
            "country_name": "Sao Tome and Principe",
            "country_code": "st",
            "country_capital": "Sao Tome",
            "country_population": 219159,
            "country_land_area_km2": 1001,
            "country_continent": "Africa",
            "country_map": "",
            "country_currency": "Dobra"
        },
        {
            "id": 152,
            "country_name": "Saudi Arabia",
            "country_code": "sa",
            "country_capital": "Riyadh",
            "country_population": 34813871,
            "country_land_area_km2": 2149690,
            "country_continent": "Asia",
            "country_map": "",
            "country_currency": "Saudi Riyal"
        },
        {
            "id": 153,
            "country_name": "Senegal",
            "country_code": "sn",
            "country_capital": "Dakar",
            "country_population": 16743927,
            "country_land_area_km2": 196722,
            "country_continent": "Africa",
            "country_map": "",
            "country_currency": "West African CFA Franc"
        },
        {
            "id": 154,
            "country_name": "Serbia",
            "country_code": "rs",
            "country_capital": "Belgrade",
            "country_population": 8737371,
            "country_land_area_km2": 77474,
            "country_continent": "Europe",
            "country_map": "",
            "country_currency": "Serbian Dinar"
        },
        {
            "id": 155,
            "country_name": "Seychelles",
            "country_code": "sc",
            "country_capital": "Victoria",
            "country_population": 98347,
            "country_land_area_km2": 459,
            "country_continent": "Africa",
            "country_map": "",
            "country_currency": "Seychellois Rupee"
        },
        {
            "id": 156,
            "country_name": "Sierra Leone",
            "country_code": "sl",
            "country_capital": "Freetown",
            "country_population": 7976983,
            "country_land_area_km2": 71740,
            "country_continent": "Africa",
            "country_map": "",
            "country_currency": "Leone"
        },
        {
            "id": 157,
            "country_name": "Singapore",
            "country_code": "sg",
            "country_capital": "Singapore",
            "country_population": 5850342,
            "country_land_area_km2": 728,
            "country_continent": "Asia",
            "country_map": "",
            "country_currency": "Singapore Dollar"
        },
        {
            "id": 158,
            "country_name": "Slovakia",
            "country_code": "sk",
            "country_capital": "Bratislava",
            "country_population": 5459642,
            "country_land_area_km2": 49035,
            "country_continent": "Europe",
            "country_map": "",
            "country_currency": "Euro"
        },
        {
            "id": 159,
            "country_name": "Slovenia",
            "country_code": "si",
            "country_capital": "Ljubljana",
            "country_population": 2078938,
            "country_land_area_km2": 20273,
            "country_continent": "Europe",
            "country_map": "",
            "country_currency": "Euro"
        },
        {
            "id": 160,
            "country_name": "Solomon Islands",
            "country_code": "sb",
            "country_capital": "Honiara",
            "country_population": 686884,
            "country_land_area_km2": 27991,
            "country_continent": "Oceania",
            "country_map": "",
            "country_currency": "Solomon Islands Dollar"
        },
        {
            "id": 161,
            "country_name": "Somalia",
            "country_code": "so",
            "country_capital": "Mogadishu",
            "country_population": 15893219,
            "country_land_area_km2": 637657,
            "country_continent": "Africa",
            "country_map": "",
            "country_currency": "Somali Shilling"
        },
        {
            "id": 162,
            "country_name": "South Africa",
            "country_code": "za",
            "country_capital": "Pretoria",
            "country_population": 59308690,
            "country_land_area_km2": 1221037,
            "country_continent": "Africa",
            "country_map": "",
            "country_currency": "Rand"
        },
        {
            "id": 163,
            "country_name": "South Korea",
            "country_code": "kr",
            "country_capital": "Seoul",
            "country_population": 51269185,
            "country_land_area_km2": 100210,
            "country_continent": "Asia",
            "country_map": "",
            "country_currency": "Won"
        },
        {
            "id": 164,
            "country_name": "South Sudan",
            "country_code": "ss",
            "country_capital": "Juba",
            "country_population": 11193725,
            "country_land_area_km2": 619745,
            "country_continent": "Africa",
            "country_map": "",
            "country_currency": "South Sudanese Pound"
        },
        {
            "id": 165,
            "country_name": "Spain",
            "country_code": "es",
            "country_capital": "Madrid",
            "country_population": 46754778,
            "country_land_area_km2": 505992,
            "country_continent": "Europe",
            "country_map": "",
            "country_currency": "Euro"
        },
        {
            "id": 166,
            "country_name": "Sri Lanka",
            "country_code": "lk",
            "country_capital": "Colombo",
            "country_population": 21413249,
            "country_land_area_km2": 65610,
            "country_continent": "Asia",
            "country_map": "",
            "country_currency": "Sri Lankan Rupee"
        },
        {
            "id": 167,
            "country_name": "Sudan",
            "country_code": "sd",
            "country_capital": "Khartoum",
            "country_population": 43849260,
            "country_land_area_km2": 1861484,
            "country_continent": "Africa",
            "country_map": "",
            "country_currency": "Sudanese Pound"
        },
        {
            "id": 168,
            "country_name": "Suriname",
            "country_code": "sr",
            "country_capital": "Paramaribo",
            "country_population": 586632,
            "country_land_area_km2": 163820,
            "country_continent": "South America",
            "country_map": "",
            "country_currency": "Surinamese Dollar"
        },
        {
            "id": 169,
            "country_name": "Sweden",
            "country_code": "se",
            "country_capital": "Stockholm",
            "country_population": 10099265,
            "country_land_area_km2": 450295,
            "country_continent": "Europe",
            "country_map": "",
            "country_currency": "Swedish Krona"
        },
        {
            "id": 170,
            "country_name": "Switzerland",
            "country_code": "ch",
            "country_capital": "Bern",
            "country_population": 8654622,
            "country_land_area_km2": 41285,
            "country_continent": "Europe",
            "country_map": "",
            "country_currency": "Swiss Franc"
        },
        {
            "id": 171,
            "country_name": "Syria",
            "country_code": "sy",
            "country_capital": "Damascus",
            "country_population": 17500658,
            "country_land_area_km2": 185180,
            "country_continent": "Asia",
            "country_map": "",
            "country_currency": "Syrian Pound"
        },
        {
            "id": 172,
            "country_name": "Tajikistan",
            "country_code": "tj",
            "country_capital": "Dushanbe",
            "country_population": 9537645,
            "country_land_area_km2": 143100,
            "country_continent": "Asia",
            "country_map": "",
            "country_currency": "Somoni"
        },
        {
            "id": 173,
            "country_name": "Tanzania",
            "country_code": "tz",
            "country_capital": "Dodoma",
            "country_population": 59734218,
            "country_land_area_km2": 947303,
            "country_continent": "Africa",
            "country_map": "",
            "country_currency": "Tanzanian Shilling"
        },
        {
            "id": 174,
            "country_name": "Thailand",
            "country_code": "th",
            "country_capital": "Bangkok",
            "country_population": 69799978,
            "country_land_area_km2": 513120,
            "country_continent": "Asia",
            "country_map": "",
            "country_currency": "Baht"
        },
        {
            "id": 175,
            "country_name": "Timor-Leste",
            "country_code": "tl",
            "country_capital": "Dili",
            "country_population": 1318445,
            "country_land_area_km2": 14874,
            "country_continent": "Asia",
            "country_map": "",
            "country_currency": "US Dollar"
        },
        {
            "id": 176,
            "country_name": "Togo",
            "country_code": "tg",
            "country_capital": "Lome",
            "country_population": 8278724,
            "country_land_area_km2": 56785,
            "country_continent": "Africa",
            "country_map": "",
            "country_currency": "West African CFA Franc"
        },
        {
            "id": 177,
            "country_name": "Tonga",
            "country_code": "to",
            "country_capital": "Nuku'alofa",
            "country_population": 105695,
            "country_land_area_km2": 747,
            "country_continent": "Oceania",
            "country_map": "",
            "country_currency": "Pa'anga"
        },
        {
            "id": 178,
            "country_name": "Trinidad and Tobago",
            "country_code": "tt",
            "country_capital": "Port of Spain",
            "country_population": 1399488,
            "country_land_area_km2": 5130,
            "country_continent": "North America",
            "country_map": "",
            "country_currency": "Trinidad and Tobago Dollar"
        },
        {
            "id": 179,
            "country_name": "Tunisia",
            "country_code": "tn",
            "country_capital": "Tunis",
            "country_population": 11818619,
            "country_land_area_km2": 163610,
            "country_continent": "Africa",
            "country_map": "",
            "country_currency": "Tunisian Dinar"
        },
        {
            "id": 180,
            "country_name": "Turkey",
            "country_code": "tr",
            "country_capital": "Ankara",
            "country_population": 84339067,
            "country_land_area_km2": 769632,
            "country_continent": "Asia",
            "country_map": "",
            "country_currency": "Turkish Lira"
        },
        {
            "id": 181,
            "country_name": "Turkmenistan",
            "country_code": "tm",
            "country_capital": "Ashgabat",
            "country_population": 6031187,
            "country_land_area_km2": 488100,
            "country_continent": "Asia",
            "country_map": "",
            "country_currency": "Turkmenistan Manat"
        },
        {
            "id": 182,
            "country_name": "Tuvalu",
            "country_code": "tv",
            "country_capital": "Funafuti",
            "country_population": 11792,
            "country_land_area_km2": 26,
            "country_continent": "Oceania",
            "country_map": "",
            "country_currency": "Australian Dollar"
        },
        {
            "id": 183,
            "country_name": "Uganda",
            "country_code": "ug",
            "country_capital": "Kampala",
            "country_population": 45741007,
            "country_land_area_km2": 241038,
            "country_continent": "Africa",
            "country_map": "",
            "country_currency": "Ugandan Shilling"
        },
        {
            "id": 184,
            "country_name": "Ukraine",
            "country_code": "ua",
            "country_capital": "Kyiv",
            "country_population": 43733762,
            "country_land_area_km2": 579320,
            "country_continent": "Europe",
            "country_map": "",
            "country_currency": "Hryvnia"
        },
        {
            "id": 185,
            "country_name": "United Arab Emirates",
            "country_code": "ae",
            "country_capital": "Abu Dhabi",
            "country_population": 9890402,
            "country_land_area_km2": 83600,
            "country_continent": "Asia",
            "country_map": "",
            "country_currency": "UAE Dirham"
        },
        {
            "id": 186,
            "country_name": "United Kingdom",
            "country_code": "gb",
            "country_capital": "London",
            "country_population": 67886011,
            "country_land_area_km2": 242495,
            "country_continent": "Europe",
            "country_map": "",
            "country_currency": "Pound Sterling"
        },
        {
            "id": 187,
            "country_name": "United States",
            "country_code": "us",
            "country_capital": "Washington, D.C.",
            "country_population": 331002651,
            "country_land_area_km2": 9833517,
            "country_continent": "North America",
            "country_map": "",
            "country_currency": "US Dollar"
        },
        {
            "id": 188,
            "country_name": "Uruguay",
            "country_code": "uy",
            "country_capital": "Montevideo",
            "country_population": 3473730,
            "country_land_area_km2": 181034,
            "country_continent": "South America",
            "country_map": "",
            "country_currency": "Uruguayan Peso"
        },
        {
            "id": 189,
            "country_name": "Uzbekistan",
            "country_code": "uz",
            "country_capital": "Tashkent",
            "country_population": 33469203,
            "country_land_area_km2": 447400,
            "country_continent": "Asia",
            "country_map": "",
            "country_currency": "Uzbekistan Som"
        },
        {
            "id": 190,
            "country_name": "Vanuatu",
            "country_code": "vu",
            "country_capital": "Port Vila",
            "country_population": 307145,
            "country_land_area_km2": 12189,
            "country_continent": "Oceania",
            "country_map": "",
            "country_currency": "Vatu"
        },
        {
            "id": 191,
            "country_name": "Venezuela",
            "country_code": "ve",
            "country_capital": "Caracas",
            "country_population": 28435943,
            "country_land_area_km2": 916445,
            "country_continent": "South America",
            "country_map": "",
            "country_currency": "Bolivar"
        },
        {
            "id": 192,
            "country_name": "Vietnam",
            "country_code": "vn",
            "country_capital": "Hanoi",
            "country_population": 97338579,
            "country_land_area_km2": 331212,
            "country_continent": "Asia",
            "country_map": "",
            "country_currency": "Dong"
        },
        {
            "id": 193,
            "country_name": "Yemen",
            "country_code": "ye",
            "country_capital": "Sanaa",
            "country_population": 29825968,
            "country_land_area_km2": 527968,
            "country_continent": "Asia",
            "country_map": "",
            "country_currency": "Yemeni Rial"
        },
        {
            "id": 194,
            "country_name": "Zambia",
            "country_code": "zm",
            "country_capital": "Lusaka",
            "country_population": 18383955,
            "country_land_area_km2": 752612,
            "country_continent": "Africa",
            "country_map": "",
            "country_currency": "Kwacha"
        },
        {
            "id": 195,
            "country_name": "Zimbabwe",
            "country_code": "zw",
            "country_capital": "Harare",
            "country_population": 14862924,
            "country_land_area_km2": 390757,
            "country_continent": "Africa",
            "country_map": "",
            "country_currency": "Zimbabwe Dollar"
        }
    ]
}